id,TP,FP,FN,f1score
Zx00FE1B9A88E88C71F8D11F50C2B5FBFEB3461E67BE1E83B8,0,19,0,0
Zx01F90B532F87127DB647612B6621F2065CA58692B921CEB4,8,13,1,0.533333333
Zx2AAE948072335FDABDFFA2D972B5638F4069A5D8D0B432B8,0,10,0,0
Zx2B401975A0A7FE26B9906E1047BB2A92BC4D80CCC69F0DC8,8,14,2,0.5
Zx2DD7E0642A4827E03C235724922D866A37D619A859B89A73,0,37,0,0
Zx3A5E7419657D5644214B6C229CD7862ED9D7FC5DBFBD56F6,3,5,5,0.375
Zx5B4958EAA06DEB89D67B8BD142312D0F7310519CDB56C6DA,10,12,1,0.606060606
Zx5ED676E3244BB1F8F29FED01A9C6EC7A22CC92EB941DE0FE,0,12,0,0
Zx6EC130BB2F5E1ECB19C1DE97A5366FE2F3049D42D76122EC,7,16,5,0.4
Zx7C1ADB5EC3F881C119CD62993F89148864B049DB14C5318A,8,9,2,0.592592593
all,6,4,0,0.75
,,,,
,,,,
,44,147,16,0.625582211
