id,label,groundTruth
Zx00FE1B9A88E88C71F8D11F50C2B5FBFEB3461E67BE1E83B8,1,0
Zx00FE1B9A88E88C71F8D11F50C2B5FBFEB3461E67BE1E83B8_0,0,0
Zx00FE1B9A88E88C71F8D11F50C2B5FBFEB3461E67BE1E83B8_1,0,0
Zx00FE1B9A88E88C71F8D11F50C2B5FBFEB3461E67BE1E83B8_2,0,0
Zx00FE1B9A88E88C71F8D11F50C2B5FBFEB3461E67BE1E83B8_3,0,0
Zx00FE1B9A88E88C71F8D11F50C2B5FBFEB3461E67BE1E83B8_4,0,0
Zx00FE1B9A88E88C71F8D11F50C2B5FBFEB3461E67BE1E83B8_5,0,0
Zx00FE1B9A88E88C71F8D11F50C2B5FBFEB3461E67BE1E83B8_6,0,0
Zx00FE1B9A88E88C71F8D11F50C2B5FBFEB3461E67BE1E83B8_7,0,0
Zx00FE1B9A88E88C71F8D11F50C2B5FBFEB3461E67BE1E83B8_8,0,0
Zx00FE1B9A88E88C71F8D11F50C2B5FBFEB3461E67BE1E83B8_9,0,0
Zx00FE1B9A88E88C71F8D11F50C2B5FBFEB3461E67BE1E83B8_10,0,0
Zx00FE1B9A88E88C71F8D11F50C2B5FBFEB3461E67BE1E83B8_11,0,0
Zx00FE1B9A88E88C71F8D11F50C2B5FBFEB3461E67BE1E83B8_12,0,0
Zx00FE1B9A88E88C71F8D11F50C2B5FBFEB3461E67BE1E83B8_13,1,0
Zx00FE1B9A88E88C71F8D11F50C2B5FBFEB3461E67BE1E83B8_14,0,0
Zx00FE1B9A88E88C71F8D11F50C2B5FBFEB3461E67BE1E83B8_15,0,0
Zx00FE1B9A88E88C71F8D11F50C2B5FBFEB3461E67BE1E83B8_16,1,0
Zx00FE1B9A88E88C71F8D11F50C2B5FBFEB3461E67BE1E83B8_17,0,0
Zx00FE1B9A88E88C71F8D11F50C2B5FBFEB3461E67BE1E83B8_18,1,0
Zx00FE1B9A88E88C71F8D11F50C2B5FBFEB3461E67BE1E83B8_19,1,0
Zx00FE1B9A88E88C71F8D11F50C2B5FBFEB3461E67BE1E83B8_20,0,0
Zx00FE1B9A88E88C71F8D11F50C2B5FBFEB3461E67BE1E83B8_21,0,0
Zx00FE1B9A88E88C71F8D11F50C2B5FBFEB3461E67BE1E83B8_22,1,0
Zx00FE1B9A88E88C71F8D11F50C2B5FBFEB3461E67BE1E83B8_23,1,0
Zx00FE1B9A88E88C71F8D11F50C2B5FBFEB3461E67BE1E83B8_24,0,0
Zx00FE1B9A88E88C71F8D11F50C2B5FBFEB3461E67BE1E83B8_25,0,0
Zx00FE1B9A88E88C71F8D11F50C2B5FBFEB3461E67BE1E83B8_26,0,0
Zx00FE1B9A88E88C71F8D11F50C2B5FBFEB3461E67BE1E83B8_27,1,0
Zx00FE1B9A88E88C71F8D11F50C2B5FBFEB3461E67BE1E83B8_28,0,0
Zx00FE1B9A88E88C71F8D11F50C2B5FBFEB3461E67BE1E83B8_29,1,0
Zx00FE1B9A88E88C71F8D11F50C2B5FBFEB3461E67BE1E83B8_30,1,0
Zx00FE1B9A88E88C71F8D11F50C2B5FBFEB3461E67BE1E83B8_31,1,0
Zx00FE1B9A88E88C71F8D11F50C2B5FBFEB3461E67BE1E83B8_32,1,0
Zx00FE1B9A88E88C71F8D11F50C2B5FBFEB3461E67BE1E83B8_33,1,0
Zx00FE1B9A88E88C71F8D11F50C2B5FBFEB3461E67BE1E83B8_34,1,0
Zx00FE1B9A88E88C71F8D11F50C2B5FBFEB3461E67BE1E83B8_35,1,0
Zx00FE1B9A88E88C71F8D11F50C2B5FBFEB3461E67BE1E83B8_36,1,0
Zx00FE1B9A88E88C71F8D11F50C2B5FBFEB3461E67BE1E83B8_37,1,0
Zx00FE1B9A88E88C71F8D11F50C2B5FBFEB3461E67BE1E83B8_38,1,0
Zx00FE1B9A88E88C71F8D11F50C2B5FBFEB3461E67BE1E83B8_39,1,0
Zx00FE1B9A88E88C71F8D11F50C2B5FBFEB3461E67BE1E83B8_40,1,0
Zx00FE1B9A88E88C71F8D11F50C2B5FBFEB3461E67BE1E83B8_41,0,0
Zx00FE1B9A88E88C71F8D11F50C2B5FBFEB3461E67BE1E83B8_42,1,0
Zx00FE1B9A88E88C71F8D11F50C2B5FBFEB3461E67BE1E83B8_43,1,0
Zx00FE1B9A88E88C71F8D11F50C2B5FBFEB3461E67BE1E83B8_44,0,0
Zx00FE1B9A88E88C71F8D11F50C2B5FBFEB3461E67BE1E83B8_45,1,0
Zx00FE1B9A88E88C71F8D11F50C2B5FBFEB3461E67BE1E83B8_46,1,0
Zx00FE1B9A88E88C71F8D11F50C2B5FBFEB3461E67BE1E83B8_47,1,0
Zx00FE1B9A88E88C71F8D11F50C2B5FBFEB3461E67BE1E83B8_48,0,0
Zx00FE1B9A88E88C71F8D11F50C2B5FBFEB3461E67BE1E83B8_49,0,0
Zx00FE1B9A88E88C71F8D11F50C2B5FBFEB3461E67BE1E83B8_50,1,0
Zx00FE1B9A88E88C71F8D11F50C2B5FBFEB3461E67BE1E83B8_51,1,0
Zx00FE1B9A88E88C71F8D11F50C2B5FBFEB3461E67BE1E83B8_52,0,0
Zx00FE1B9A88E88C71F8D11F50C2B5FBFEB3461E67BE1E83B8_53,1,0
Zx00FE1B9A88E88C71F8D11F50C2B5FBFEB3461E67BE1E83B8_54,0,0
Zx00FE1B9A88E88C71F8D11F50C2B5FBFEB3461E67BE1E83B8_55,1,0
Zx00FE1B9A88E88C71F8D11F50C2B5FBFEB3461E67BE1E83B8_56,1,0
Zx00FE1B9A88E88C71F8D11F50C2B5FBFEB3461E67BE1E83B8_57,1,0
Zx00FE1B9A88E88C71F8D11F50C2B5FBFEB3461E67BE1E83B8_58,1,0
Zx00FE1B9A88E88C71F8D11F50C2B5FBFEB3461E67BE1E83B8_59,1,0
Zx00FE1B9A88E88C71F8D11F50C2B5FBFEB3461E67BE1E83B8_60,1,0
Zx00FE1B9A88E88C71F8D11F50C2B5FBFEB3461E67BE1E83B8_61,0,0
Zx00FE1B9A88E88C71F8D11F50C2B5FBFEB3461E67BE1E83B8_62,0,0
Zx00FE1B9A88E88C71F8D11F50C2B5FBFEB3461E67BE1E83B8_63,0,0
Zx00FE1B9A88E88C71F8D11F50C2B5FBFEB3461E67BE1E83B8_64,1,0
Zx00FE1B9A88E88C71F8D11F50C2B5FBFEB3461E67BE1E83B8_65,0,0
Zx00FE1B9A88E88C71F8D11F50C2B5FBFEB3461E67BE1E83B8_66,0,0
Zx00FE1B9A88E88C71F8D11F50C2B5FBFEB3461E67BE1E83B8_67,0,0
Zx00FE1B9A88E88C71F8D11F50C2B5FBFEB3461E67BE1E83B8_68,0,0
Zx00FE1B9A88E88C71F8D11F50C2B5FBFEB3461E67BE1E83B8_69,1,0
Zx00FE1B9A88E88C71F8D11F50C2B5FBFEB3461E67BE1E83B8_70,0,0
Zx00FE1B9A88E88C71F8D11F50C2B5FBFEB3461E67BE1E83B8_71,1,0
Zx00FE1B9A88E88C71F8D11F50C2B5FBFEB3461E67BE1E83B8_72,0,0
Zx00FE1B9A88E88C71F8D11F50C2B5FBFEB3461E67BE1E83B8_73,1,0
Zx00FE1B9A88E88C71F8D11F50C2B5FBFEB3461E67BE1E83B8_74,0,0
Zx00FE1B9A88E88C71F8D11F50C2B5FBFEB3461E67BE1E83B8_75,1,0
Zx00FE1B9A88E88C71F8D11F50C2B5FBFEB3461E67BE1E83B8_76,1,0
Zx00FE1B9A88E88C71F8D11F50C2B5FBFEB3461E67BE1E83B8_77,0,0
Zx00FE1B9A88E88C71F8D11F50C2B5FBFEB3461E67BE1E83B8_78,1,0
Zx00FE1B9A88E88C71F8D11F50C2B5FBFEB3461E67BE1E83B8_79,1,0
Zx00FE1B9A88E88C71F8D11F50C2B5FBFEB3461E67BE1E83B8_80,1,0
Zx00FE1B9A88E88C71F8D11F50C2B5FBFEB3461E67BE1E83B8_81,0,0
Zx00FE1B9A88E88C71F8D11F50C2B5FBFEB3461E67BE1E83B8_82,1,0
Zx00FE1B9A88E88C71F8D11F50C2B5FBFEB3461E67BE1E83B8_83,0,0
Zx00FE1B9A88E88C71F8D11F50C2B5FBFEB3461E67BE1E83B8_84,0,0
Zx00FE1B9A88E88C71F8D11F50C2B5FBFEB3461E67BE1E83B8_85,1,0
Zx00FE1B9A88E88C71F8D11F50C2B5FBFEB3461E67BE1E83B8_86,1,0
Zx00FE1B9A88E88C71F8D11F50C2B5FBFEB3461E67BE1E83B8_87,1,0
Zx00FE1B9A88E88C71F8D11F50C2B5FBFEB3461E67BE1E83B8_88,1,0
Zx00FE1B9A88E88C71F8D11F50C2B5FBFEB3461E67BE1E83B8_89,1,0
Zx00FE1B9A88E88C71F8D11F50C2B5FBFEB3461E67BE1E83B8_90,1,0
Zx00FE1B9A88E88C71F8D11F50C2B5FBFEB3461E67BE1E83B8_91,1,0
Zx00FE1B9A88E88C71F8D11F50C2B5FBFEB3461E67BE1E83B8_92,1,0
Zx00FE1B9A88E88C71F8D11F50C2B5FBFEB3461E67BE1E83B8_93,1,0
Zx00FE1B9A88E88C71F8D11F50C2B5FBFEB3461E67BE1E83B8_94,1,0
Zx00FE1B9A88E88C71F8D11F50C2B5FBFEB3461E67BE1E83B8_95,0,0
Zx00FE1B9A88E88C71F8D11F50C2B5FBFEB3461E67BE1E83B8_96,0,0
Zx00FE1B9A88E88C71F8D11F50C2B5FBFEB3461E67BE1E83B8_97,0,0
Zx00FE1B9A88E88C71F8D11F50C2B5FBFEB3461E67BE1E83B8_98,0,0
Zx00FE1B9A88E88C71F8D11F50C2B5FBFEB3461E67BE1E83B8_99,0,0
Zx00FE1B9A88E88C71F8D11F50C2B5FBFEB3461E67BE1E83B8_100,1,0
Zx00FE1B9A88E88C71F8D11F50C2B5FBFEB3461E67BE1E83B8_101,1,0
Zx01F90B532F87127DB647612B6621F2065CA58692B921CEB4,1,1
Zx01F90B532F87127DB647612B6621F2065CA58692B921CEB4_0,0,0
Zx01F90B532F87127DB647612B6621F2065CA58692B921CEB4_1,0,0
Zx01F90B532F87127DB647612B6621F2065CA58692B921CEB4_2,0,0
Zx01F90B532F87127DB647612B6621F2065CA58692B921CEB4_3,0,0
Zx01F90B532F87127DB647612B6621F2065CA58692B921CEB4_4,0,0
Zx01F90B532F87127DB647612B6621F2065CA58692B921CEB4_5,0,0
Zx01F90B532F87127DB647612B6621F2065CA58692B921CEB4_6,0,0
Zx01F90B532F87127DB647612B6621F2065CA58692B921CEB4_7,0,0
Zx01F90B532F87127DB647612B6621F2065CA58692B921CEB4_8,0,0
Zx01F90B532F87127DB647612B6621F2065CA58692B921CEB4_9,0,0
Zx01F90B532F87127DB647612B6621F2065CA58692B921CEB4_10,0,0
Zx01F90B532F87127DB647612B6621F2065CA58692B921CEB4_11,0,0
Zx01F90B532F87127DB647612B6621F2065CA58692B921CEB4_12,0,0
Zx01F90B532F87127DB647612B6621F2065CA58692B921CEB4_13,0,0
Zx01F90B532F87127DB647612B6621F2065CA58692B921CEB4_14,1,0
Zx01F90B532F87127DB647612B6621F2065CA58692B921CEB4_15,0,0
Zx01F90B532F87127DB647612B6621F2065CA58692B921CEB4_16,0,0
Zx01F90B532F87127DB647612B6621F2065CA58692B921CEB4_17,0,0
Zx01F90B532F87127DB647612B6621F2065CA58692B921CEB4_18,0,0
Zx01F90B532F87127DB647612B6621F2065CA58692B921CEB4_19,0,0
Zx01F90B532F87127DB647612B6621F2065CA58692B921CEB4_20,0,0
Zx01F90B532F87127DB647612B6621F2065CA58692B921CEB4_21,0,0
Zx01F90B532F87127DB647612B6621F2065CA58692B921CEB4_22,1,0
Zx01F90B532F87127DB647612B6621F2065CA58692B921CEB4_23,1,0
Zx01F90B532F87127DB647612B6621F2065CA58692B921CEB4_24,1,0
Zx01F90B532F87127DB647612B6621F2065CA58692B921CEB4_25,1,0
Zx01F90B532F87127DB647612B6621F2065CA58692B921CEB4_26,1,1
Zx01F90B532F87127DB647612B6621F2065CA58692B921CEB4_27,1,1
Zx01F90B532F87127DB647612B6621F2065CA58692B921CEB4_28,1,1
Zx01F90B532F87127DB647612B6621F2065CA58692B921CEB4_29,1,1
Zx01F90B532F87127DB647612B6621F2065CA58692B921CEB4_30,1,1
Zx01F90B532F87127DB647612B6621F2065CA58692B921CEB4_31,1,1
Zx01F90B532F87127DB647612B6621F2065CA58692B921CEB4_32,1,1
Zx01F90B532F87127DB647612B6621F2065CA58692B921CEB4_33,1,1
Zx01F90B532F87127DB647612B6621F2065CA58692B921CEB4_34,1,1
Zx01F90B532F87127DB647612B6621F2065CA58692B921CEB4_35,0,0
Zx01F90B532F87127DB647612B6621F2065CA58692B921CEB4_36,1,0
Zx01F90B532F87127DB647612B6621F2065CA58692B921CEB4_37,1,0
Zx01F90B532F87127DB647612B6621F2065CA58692B921CEB4_38,1,0
Zx01F90B532F87127DB647612B6621F2065CA58692B921CEB4_39,0,0
Zx01F90B532F87127DB647612B6621F2065CA58692B921CEB4_40,0,0
Zx01F90B532F87127DB647612B6621F2065CA58692B921CEB4_41,1,0
Zx01F90B532F87127DB647612B6621F2065CA58692B921CEB4_42,0,0
Zx01F90B532F87127DB647612B6621F2065CA58692B921CEB4_43,0,0
Zx01F90B532F87127DB647612B6621F2065CA58692B921CEB4_44,1,0
Zx01F90B532F87127DB647612B6621F2065CA58692B921CEB4_45,0,0
Zx01F90B532F87127DB647612B6621F2065CA58692B921CEB4_46,0,0
Zx01F90B532F87127DB647612B6621F2065CA58692B921CEB4_47,0,0
Zx01F90B532F87127DB647612B6621F2065CA58692B921CEB4_48,0,0
Zx01F90B532F87127DB647612B6621F2065CA58692B921CEB4_49,0,0
Zx01F90B532F87127DB647612B6621F2065CA58692B921CEB4_50,0,0
Zx01F90B532F87127DB647612B6621F2065CA58692B921CEB4_51,0,0
Zx01F90B532F87127DB647612B6621F2065CA58692B921CEB4_52,1,0
Zx01F90B532F87127DB647612B6621F2065CA58692B921CEB4_53,0,0
Zx01F90B532F87127DB647612B6621F2065CA58692B921CEB4_54,0,0
Zx01F90B532F87127DB647612B6621F2065CA58692B921CEB4_55,1,0
Zx01F90B532F87127DB647612B6621F2065CA58692B921CEB4_56,0,0
Zx01F90B532F87127DB647612B6621F2065CA58692B921CEB4_57,0,0
Zx01F90B532F87127DB647612B6621F2065CA58692B921CEB4_58,0,0
Zx01F90B532F87127DB647612B6621F2065CA58692B921CEB4_59,0,0
Zx01F90B532F87127DB647612B6621F2065CA58692B921CEB4_60,1,0
Zx01F90B532F87127DB647612B6621F2065CA58692B921CEB4_61,1,0
Zx01F90B532F87127DB647612B6621F2065CA58692B921CEB4_62,1,0
Zx01F90B532F87127DB647612B6621F2065CA58692B921CEB4_63,1,0
Zx01F90B532F87127DB647612B6621F2065CA58692B921CEB4_64,0,0
Zx01F90B532F87127DB647612B6621F2065CA58692B921CEB4_65,0,0
Zx01F90B532F87127DB647612B6621F2065CA58692B921CEB4_66,1,0
Zx01F90B532F87127DB647612B6621F2065CA58692B921CEB4_67,1,0
Zx01F90B532F87127DB647612B6621F2065CA58692B921CEB4_68,0,0
Zx01F90B532F87127DB647612B6621F2065CA58692B921CEB4_69,0,0
Zx01F90B532F87127DB647612B6621F2065CA58692B921CEB4_70,0,0
Zx01F90B532F87127DB647612B6621F2065CA58692B921CEB4_71,0,0
Zx01F90B532F87127DB647612B6621F2065CA58692B921CEB4_72,0,0
Zx01F90B532F87127DB647612B6621F2065CA58692B921CEB4_73,0,0
Zx01F90B532F87127DB647612B6621F2065CA58692B921CEB4_74,0,0
Zx01F90B532F87127DB647612B6621F2065CA58692B921CEB4_75,0,0
Zx01F90B532F87127DB647612B6621F2065CA58692B921CEB4_76,0,0
Zx01F90B532F87127DB647612B6621F2065CA58692B921CEB4_77,0,0
Zx01F90B532F87127DB647612B6621F2065CA58692B921CEB4_78,0,0
Zx01F90B532F87127DB647612B6621F2065CA58692B921CEB4_79,0,0
Zx01F90B532F87127DB647612B6621F2065CA58692B921CEB4_80,0,0
Zx01F90B532F87127DB647612B6621F2065CA58692B921CEB4_81,0,0
Zx01F90B532F87127DB647612B6621F2065CA58692B921CEB4_82,0,0
Zx01F90B532F87127DB647612B6621F2065CA58692B921CEB4_83,0,0
Zx2AAE948072335FDABDFFA2D972B5638F4069A5D8D0B432B8,1,0
Zx2AAE948072335FDABDFFA2D972B5638F4069A5D8D0B432B8_0,0,0
Zx2AAE948072335FDABDFFA2D972B5638F4069A5D8D0B432B8_1,0,0
Zx2AAE948072335FDABDFFA2D972B5638F4069A5D8D0B432B8_2,0,0
Zx2AAE948072335FDABDFFA2D972B5638F4069A5D8D0B432B8_3,0,0
Zx2AAE948072335FDABDFFA2D972B5638F4069A5D8D0B432B8_4,0,0
Zx2AAE948072335FDABDFFA2D972B5638F4069A5D8D0B432B8_5,0,0
Zx2AAE948072335FDABDFFA2D972B5638F4069A5D8D0B432B8_6,0,0
Zx2AAE948072335FDABDFFA2D972B5638F4069A5D8D0B432B8_7,0,0
Zx2AAE948072335FDABDFFA2D972B5638F4069A5D8D0B432B8_8,0,0
Zx2AAE948072335FDABDFFA2D972B5638F4069A5D8D0B432B8_9,0,0
Zx2AAE948072335FDABDFFA2D972B5638F4069A5D8D0B432B8_10,0,0
Zx2AAE948072335FDABDFFA2D972B5638F4069A5D8D0B432B8_11,0,0
Zx2AAE948072335FDABDFFA2D972B5638F4069A5D8D0B432B8_12,0,0
Zx2AAE948072335FDABDFFA2D972B5638F4069A5D8D0B432B8_13,0,0
Zx2AAE948072335FDABDFFA2D972B5638F4069A5D8D0B432B8_14,0,0
Zx2AAE948072335FDABDFFA2D972B5638F4069A5D8D0B432B8_15,0,0
Zx2AAE948072335FDABDFFA2D972B5638F4069A5D8D0B432B8_16,0,0
Zx2AAE948072335FDABDFFA2D972B5638F4069A5D8D0B432B8_17,0,0
Zx2AAE948072335FDABDFFA2D972B5638F4069A5D8D0B432B8_18,0,0
Zx2AAE948072335FDABDFFA2D972B5638F4069A5D8D0B432B8_19,0,0
Zx2AAE948072335FDABDFFA2D972B5638F4069A5D8D0B432B8_20,0,0
Zx2AAE948072335FDABDFFA2D972B5638F4069A5D8D0B432B8_21,1,0
Zx2AAE948072335FDABDFFA2D972B5638F4069A5D8D0B432B8_22,0,0
Zx2AAE948072335FDABDFFA2D972B5638F4069A5D8D0B432B8_23,1,0
Zx2AAE948072335FDABDFFA2D972B5638F4069A5D8D0B432B8_24,0,0
Zx2AAE948072335FDABDFFA2D972B5638F4069A5D8D0B432B8_25,0,0
Zx2AAE948072335FDABDFFA2D972B5638F4069A5D8D0B432B8_26,1,0
Zx2AAE948072335FDABDFFA2D972B5638F4069A5D8D0B432B8_27,0,0
Zx2AAE948072335FDABDFFA2D972B5638F4069A5D8D0B432B8_28,0,0
Zx2AAE948072335FDABDFFA2D972B5638F4069A5D8D0B432B8_29,0,0
Zx2AAE948072335FDABDFFA2D972B5638F4069A5D8D0B432B8_30,0,0
Zx2AAE948072335FDABDFFA2D972B5638F4069A5D8D0B432B8_31,0,0
Zx2AAE948072335FDABDFFA2D972B5638F4069A5D8D0B432B8_32,0,0
Zx2AAE948072335FDABDFFA2D972B5638F4069A5D8D0B432B8_33,0,0
Zx2AAE948072335FDABDFFA2D972B5638F4069A5D8D0B432B8_34,1,0
Zx2AAE948072335FDABDFFA2D972B5638F4069A5D8D0B432B8_35,0,0
Zx2AAE948072335FDABDFFA2D972B5638F4069A5D8D0B432B8_36,1,0
Zx2AAE948072335FDABDFFA2D972B5638F4069A5D8D0B432B8_37,0,0
Zx2AAE948072335FDABDFFA2D972B5638F4069A5D8D0B432B8_38,0,0
Zx2AAE948072335FDABDFFA2D972B5638F4069A5D8D0B432B8_39,0,0
Zx2AAE948072335FDABDFFA2D972B5638F4069A5D8D0B432B8_40,0,0
Zx2AAE948072335FDABDFFA2D972B5638F4069A5D8D0B432B8_41,0,0
Zx2AAE948072335FDABDFFA2D972B5638F4069A5D8D0B432B8_42,0,0
Zx2AAE948072335FDABDFFA2D972B5638F4069A5D8D0B432B8_43,0,0
Zx2AAE948072335FDABDFFA2D972B5638F4069A5D8D0B432B8_44,0,0
Zx2AAE948072335FDABDFFA2D972B5638F4069A5D8D0B432B8_45,0,0
Zx2AAE948072335FDABDFFA2D972B5638F4069A5D8D0B432B8_46,1,0
Zx2AAE948072335FDABDFFA2D972B5638F4069A5D8D0B432B8_47,1,0
Zx2AAE948072335FDABDFFA2D972B5638F4069A5D8D0B432B8_48,0,0
Zx2AAE948072335FDABDFFA2D972B5638F4069A5D8D0B432B8_49,1,0
Zx2AAE948072335FDABDFFA2D972B5638F4069A5D8D0B432B8_50,0,0
Zx2AAE948072335FDABDFFA2D972B5638F4069A5D8D0B432B8_51,1,0
Zx2AAE948072335FDABDFFA2D972B5638F4069A5D8D0B432B8_52,0,0
Zx2AAE948072335FDABDFFA2D972B5638F4069A5D8D0B432B8_53,1,0
Zx2AAE948072335FDABDFFA2D972B5638F4069A5D8D0B432B8_54,1,0
Zx2AAE948072335FDABDFFA2D972B5638F4069A5D8D0B432B8_55,0,0
Zx2AAE948072335FDABDFFA2D972B5638F4069A5D8D0B432B8_56,1,0
Zx2AAE948072335FDABDFFA2D972B5638F4069A5D8D0B432B8_57,1,0
Zx2AAE948072335FDABDFFA2D972B5638F4069A5D8D0B432B8_58,0,0
Zx2AAE948072335FDABDFFA2D972B5638F4069A5D8D0B432B8_59,0,0
Zx2AAE948072335FDABDFFA2D972B5638F4069A5D8D0B432B8_60,0,0
Zx2AAE948072335FDABDFFA2D972B5638F4069A5D8D0B432B8_61,0,0
Zx2AAE948072335FDABDFFA2D972B5638F4069A5D8D0B432B8_62,0,0
Zx2AAE948072335FDABDFFA2D972B5638F4069A5D8D0B432B8_63,1,0
Zx2AAE948072335FDABDFFA2D972B5638F4069A5D8D0B432B8_64,1,0
Zx2AAE948072335FDABDFFA2D972B5638F4069A5D8D0B432B8_65,0,0
Zx2AAE948072335FDABDFFA2D972B5638F4069A5D8D0B432B8_66,0,0
Zx2AAE948072335FDABDFFA2D972B5638F4069A5D8D0B432B8_67,0,0
Zx2AAE948072335FDABDFFA2D972B5638F4069A5D8D0B432B8_68,0,0
Zx2AAE948072335FDABDFFA2D972B5638F4069A5D8D0B432B8_69,0,0
Zx2AAE948072335FDABDFFA2D972B5638F4069A5D8D0B432B8_70,1,0
Zx2AAE948072335FDABDFFA2D972B5638F4069A5D8D0B432B8_71,0,0
Zx2AAE948072335FDABDFFA2D972B5638F4069A5D8D0B432B8_72,1,0
Zx2AAE948072335FDABDFFA2D972B5638F4069A5D8D0B432B8_73,0,0
Zx2AAE948072335FDABDFFA2D972B5638F4069A5D8D0B432B8_74,0,0
Zx2AAE948072335FDABDFFA2D972B5638F4069A5D8D0B432B8_75,0,0
Zx2AAE948072335FDABDFFA2D972B5638F4069A5D8D0B432B8_76,1,0
Zx2AAE948072335FDABDFFA2D972B5638F4069A5D8D0B432B8_77,0,0
Zx2AAE948072335FDABDFFA2D972B5638F4069A5D8D0B432B8_78,0,0
Zx2AAE948072335FDABDFFA2D972B5638F4069A5D8D0B432B8_79,0,0
Zx2AAE948072335FDABDFFA2D972B5638F4069A5D8D0B432B8_80,1,0
Zx2AAE948072335FDABDFFA2D972B5638F4069A5D8D0B432B8_81,1,0
Zx2AAE948072335FDABDFFA2D972B5638F4069A5D8D0B432B8_82,0,0
Zx2AAE948072335FDABDFFA2D972B5638F4069A5D8D0B432B8_83,0,0
Zx2AAE948072335FDABDFFA2D972B5638F4069A5D8D0B432B8_84,0,0
Zx2AAE948072335FDABDFFA2D972B5638F4069A5D8D0B432B8_85,0,0
Zx2AAE948072335FDABDFFA2D972B5638F4069A5D8D0B432B8_86,0,0
Zx2AAE948072335FDABDFFA2D972B5638F4069A5D8D0B432B8_87,0,0
Zx2AAE948072335FDABDFFA2D972B5638F4069A5D8D0B432B8_88,1,0
Zx2AAE948072335FDABDFFA2D972B5638F4069A5D8D0B432B8_89,0,0
Zx2AAE948072335FDABDFFA2D972B5638F4069A5D8D0B432B8_90,0,0
Zx2AAE948072335FDABDFFA2D972B5638F4069A5D8D0B432B8_91,0,0
Zx2AAE948072335FDABDFFA2D972B5638F4069A5D8D0B432B8_92,0,0
Zx2AAE948072335FDABDFFA2D972B5638F4069A5D8D0B432B8_93,0,0
Zx2B401975A0A7FE26B9906E1047BB2A92BC4D80CCC69F0DC8,1,1
Zx2B401975A0A7FE26B9906E1047BB2A92BC4D80CCC69F0DC8_0,0,0
Zx2B401975A0A7FE26B9906E1047BB2A92BC4D80CCC69F0DC8_1,0,0
Zx2B401975A0A7FE26B9906E1047BB2A92BC4D80CCC69F0DC8_2,0,0
Zx2B401975A0A7FE26B9906E1047BB2A92BC4D80CCC69F0DC8_3,0,0
Zx2B401975A0A7FE26B9906E1047BB2A92BC4D80CCC69F0DC8_4,0,0
Zx2B401975A0A7FE26B9906E1047BB2A92BC4D80CCC69F0DC8_5,0,0
Zx2B401975A0A7FE26B9906E1047BB2A92BC4D80CCC69F0DC8_6,0,0
Zx2B401975A0A7FE26B9906E1047BB2A92BC4D80CCC69F0DC8_7,0,0
Zx2B401975A0A7FE26B9906E1047BB2A92BC4D80CCC69F0DC8_8,0,0
Zx2B401975A0A7FE26B9906E1047BB2A92BC4D80CCC69F0DC8_9,0,0
Zx2B401975A0A7FE26B9906E1047BB2A92BC4D80CCC69F0DC8_10,0,0
Zx2B401975A0A7FE26B9906E1047BB2A92BC4D80CCC69F0DC8_11,0,0
Zx2B401975A0A7FE26B9906E1047BB2A92BC4D80CCC69F0DC8_12,0,0
Zx2B401975A0A7FE26B9906E1047BB2A92BC4D80CCC69F0DC8_13,1,0
Zx2B401975A0A7FE26B9906E1047BB2A92BC4D80CCC69F0DC8_14,0,0
Zx2B401975A0A7FE26B9906E1047BB2A92BC4D80CCC69F0DC8_15,0,0
Zx2B401975A0A7FE26B9906E1047BB2A92BC4D80CCC69F0DC8_16,0,0
Zx2B401975A0A7FE26B9906E1047BB2A92BC4D80CCC69F0DC8_17,0,0
Zx2B401975A0A7FE26B9906E1047BB2A92BC4D80CCC69F0DC8_18,0,0
Zx2B401975A0A7FE26B9906E1047BB2A92BC4D80CCC69F0DC8_19,0,0
Zx2B401975A0A7FE26B9906E1047BB2A92BC4D80CCC69F0DC8_20,0,0
Zx2B401975A0A7FE26B9906E1047BB2A92BC4D80CCC69F0DC8_21,0,0
Zx2B401975A0A7FE26B9906E1047BB2A92BC4D80CCC69F0DC8_22,0,0
Zx2B401975A0A7FE26B9906E1047BB2A92BC4D80CCC69F0DC8_23,0,0
Zx2B401975A0A7FE26B9906E1047BB2A92BC4D80CCC69F0DC8_24,0,0
Zx2B401975A0A7FE26B9906E1047BB2A92BC4D80CCC69F0DC8_25,0,0
Zx2B401975A0A7FE26B9906E1047BB2A92BC4D80CCC69F0DC8_26,1,0
Zx2B401975A0A7FE26B9906E1047BB2A92BC4D80CCC69F0DC8_27,1,0
Zx2B401975A0A7FE26B9906E1047BB2A92BC4D80CCC69F0DC8_28,0,0
Zx2B401975A0A7FE26B9906E1047BB2A92BC4D80CCC69F0DC8_29,0,0
Zx2B401975A0A7FE26B9906E1047BB2A92BC4D80CCC69F0DC8_30,1,0
Zx2B401975A0A7FE26B9906E1047BB2A92BC4D80CCC69F0DC8_31,1,0
Zx2B401975A0A7FE26B9906E1047BB2A92BC4D80CCC69F0DC8_32,1,0
Zx2B401975A0A7FE26B9906E1047BB2A92BC4D80CCC69F0DC8_33,1,0
Zx2B401975A0A7FE26B9906E1047BB2A92BC4D80CCC69F0DC8_34,1,0
Zx2B401975A0A7FE26B9906E1047BB2A92BC4D80CCC69F0DC8_35,1,0
Zx2B401975A0A7FE26B9906E1047BB2A92BC4D80CCC69F0DC8_36,1,0
Zx2B401975A0A7FE26B9906E1047BB2A92BC4D80CCC69F0DC8_37,1,0
Zx2B401975A0A7FE26B9906E1047BB2A92BC4D80CCC69F0DC8_38,1,0
Zx2B401975A0A7FE26B9906E1047BB2A92BC4D80CCC69F0DC8_39,1,0
Zx2B401975A0A7FE26B9906E1047BB2A92BC4D80CCC69F0DC8_40,1,0
Zx2B401975A0A7FE26B9906E1047BB2A92BC4D80CCC69F0DC8_41,1,1
Zx2B401975A0A7FE26B9906E1047BB2A92BC4D80CCC69F0DC8_42,1,1
Zx2B401975A0A7FE26B9906E1047BB2A92BC4D80CCC69F0DC8_43,1,1
Zx2B401975A0A7FE26B9906E1047BB2A92BC4D80CCC69F0DC8_44,1,1
Zx2B401975A0A7FE26B9906E1047BB2A92BC4D80CCC69F0DC8_45,1,1
Zx2B401975A0A7FE26B9906E1047BB2A92BC4D80CCC69F0DC8_46,1,1
Zx2B401975A0A7FE26B9906E1047BB2A92BC4D80CCC69F0DC8_47,1,1
Zx2B401975A0A7FE26B9906E1047BB2A92BC4D80CCC69F0DC8_48,1,1
Zx2B401975A0A7FE26B9906E1047BB2A92BC4D80CCC69F0DC8_49,1,1
Zx2B401975A0A7FE26B9906E1047BB2A92BC4D80CCC69F0DC8_50,1,1
Zx2B401975A0A7FE26B9906E1047BB2A92BC4D80CCC69F0DC8_51,1,0
Zx2B401975A0A7FE26B9906E1047BB2A92BC4D80CCC69F0DC8_52,0,0
Zx2B401975A0A7FE26B9906E1047BB2A92BC4D80CCC69F0DC8_53,1,0
Zx2B401975A0A7FE26B9906E1047BB2A92BC4D80CCC69F0DC8_54,0,0
Zx2B401975A0A7FE26B9906E1047BB2A92BC4D80CCC69F0DC8_55,1,0
Zx2B401975A0A7FE26B9906E1047BB2A92BC4D80CCC69F0DC8_56,1,0
Zx2B401975A0A7FE26B9906E1047BB2A92BC4D80CCC69F0DC8_57,0,0
Zx2B401975A0A7FE26B9906E1047BB2A92BC4D80CCC69F0DC8_58,1,0
Zx2B401975A0A7FE26B9906E1047BB2A92BC4D80CCC69F0DC8_59,1,0
Zx2B401975A0A7FE26B9906E1047BB2A92BC4D80CCC69F0DC8_60,1,0
Zx2B401975A0A7FE26B9906E1047BB2A92BC4D80CCC69F0DC8_61,0,0
Zx2B401975A0A7FE26B9906E1047BB2A92BC4D80CCC69F0DC8_62,0,0
Zx2B401975A0A7FE26B9906E1047BB2A92BC4D80CCC69F0DC8_63,0,0
Zx2B401975A0A7FE26B9906E1047BB2A92BC4D80CCC69F0DC8_64,0,0
Zx2B401975A0A7FE26B9906E1047BB2A92BC4D80CCC69F0DC8_65,1,0
Zx2B401975A0A7FE26B9906E1047BB2A92BC4D80CCC69F0DC8_66,1,0
Zx2B401975A0A7FE26B9906E1047BB2A92BC4D80CCC69F0DC8_67,1,0
Zx2B401975A0A7FE26B9906E1047BB2A92BC4D80CCC69F0DC8_68,0,0
Zx2B401975A0A7FE26B9906E1047BB2A92BC4D80CCC69F0DC8_69,0,0
Zx2B401975A0A7FE26B9906E1047BB2A92BC4D80CCC69F0DC8_70,0,0
Zx2B401975A0A7FE26B9906E1047BB2A92BC4D80CCC69F0DC8_71,0,0
Zx2B401975A0A7FE26B9906E1047BB2A92BC4D80CCC69F0DC8_72,1,0
Zx2B401975A0A7FE26B9906E1047BB2A92BC4D80CCC69F0DC8_73,0,0
Zx2B401975A0A7FE26B9906E1047BB2A92BC4D80CCC69F0DC8_74,0,0
Zx2B401975A0A7FE26B9906E1047BB2A92BC4D80CCC69F0DC8_75,1,0
Zx2B401975A0A7FE26B9906E1047BB2A92BC4D80CCC69F0DC8_76,1,0
Zx2B401975A0A7FE26B9906E1047BB2A92BC4D80CCC69F0DC8_77,1,0
Zx2B401975A0A7FE26B9906E1047BB2A92BC4D80CCC69F0DC8_78,1,0
Zx2B401975A0A7FE26B9906E1047BB2A92BC4D80CCC69F0DC8_79,0,0
Zx2B401975A0A7FE26B9906E1047BB2A92BC4D80CCC69F0DC8_80,1,0
Zx2B401975A0A7FE26B9906E1047BB2A92BC4D80CCC69F0DC8_81,0,0
Zx2B401975A0A7FE26B9906E1047BB2A92BC4D80CCC69F0DC8_82,0,0
Zx2B401975A0A7FE26B9906E1047BB2A92BC4D80CCC69F0DC8_83,1,0
Zx2B401975A0A7FE26B9906E1047BB2A92BC4D80CCC69F0DC8_84,1,0
Zx2B401975A0A7FE26B9906E1047BB2A92BC4D80CCC69F0DC8_85,0,0
Zx2B401975A0A7FE26B9906E1047BB2A92BC4D80CCC69F0DC8_86,0,0
Zx2B401975A0A7FE26B9906E1047BB2A92BC4D80CCC69F0DC8_87,0,0
Zx2B401975A0A7FE26B9906E1047BB2A92BC4D80CCC69F0DC8_88,0,0
Zx2B401975A0A7FE26B9906E1047BB2A92BC4D80CCC69F0DC8_89,0,0
Zx2DD7E0642A4827E03C235724922D866A37D619A859B89A73,1,0
Zx2DD7E0642A4827E03C235724922D866A37D619A859B89A73_0,0,0
Zx2DD7E0642A4827E03C235724922D866A37D619A859B89A73_1,0,0
Zx2DD7E0642A4827E03C235724922D866A37D619A859B89A73_2,1,0
Zx2DD7E0642A4827E03C235724922D866A37D619A859B89A73_3,1,0
Zx2DD7E0642A4827E03C235724922D866A37D619A859B89A73_4,1,0
Zx2DD7E0642A4827E03C235724922D866A37D619A859B89A73_5,0,0
Zx2DD7E0642A4827E03C235724922D866A37D619A859B89A73_6,0,0
Zx2DD7E0642A4827E03C235724922D866A37D619A859B89A73_7,0,0
Zx2DD7E0642A4827E03C235724922D866A37D619A859B89A73_8,0,0
Zx2DD7E0642A4827E03C235724922D866A37D619A859B89A73_9,0,0
Zx2DD7E0642A4827E03C235724922D866A37D619A859B89A73_10,0,0
Zx2DD7E0642A4827E03C235724922D866A37D619A859B89A73_11,0,0
Zx2DD7E0642A4827E03C235724922D866A37D619A859B89A73_12,0,0
Zx2DD7E0642A4827E03C235724922D866A37D619A859B89A73_13,0,0
Zx2DD7E0642A4827E03C235724922D866A37D619A859B89A73_14,0,0
Zx2DD7E0642A4827E03C235724922D866A37D619A859B89A73_15,0,0
Zx2DD7E0642A4827E03C235724922D866A37D619A859B89A73_16,1,0
Zx2DD7E0642A4827E03C235724922D866A37D619A859B89A73_17,0,0
Zx2DD7E0642A4827E03C235724922D866A37D619A859B89A73_18,1,0
Zx2DD7E0642A4827E03C235724922D866A37D619A859B89A73_19,0,0
Zx2DD7E0642A4827E03C235724922D866A37D619A859B89A73_20,1,0
Zx2DD7E0642A4827E03C235724922D866A37D619A859B89A73_21,0,0
Zx2DD7E0642A4827E03C235724922D866A37D619A859B89A73_22,1,0
Zx2DD7E0642A4827E03C235724922D866A37D619A859B89A73_23,1,0
Zx2DD7E0642A4827E03C235724922D866A37D619A859B89A73_24,1,0
Zx2DD7E0642A4827E03C235724922D866A37D619A859B89A73_25,1,0
Zx2DD7E0642A4827E03C235724922D866A37D619A859B89A73_26,0,0
Zx2DD7E0642A4827E03C235724922D866A37D619A859B89A73_27,0,0
Zx2DD7E0642A4827E03C235724922D866A37D619A859B89A73_28,1,0
Zx2DD7E0642A4827E03C235724922D866A37D619A859B89A73_29,1,0
Zx2DD7E0642A4827E03C235724922D866A37D619A859B89A73_30,1,0
Zx2DD7E0642A4827E03C235724922D866A37D619A859B89A73_31,0,0
Zx2DD7E0642A4827E03C235724922D866A37D619A859B89A73_32,0,0
Zx2DD7E0642A4827E03C235724922D866A37D619A859B89A73_33,1,0
Zx2DD7E0642A4827E03C235724922D866A37D619A859B89A73_34,1,0
Zx2DD7E0642A4827E03C235724922D866A37D619A859B89A73_35,1,0
Zx2DD7E0642A4827E03C235724922D866A37D619A859B89A73_36,1,0
Zx2DD7E0642A4827E03C235724922D866A37D619A859B89A73_37,1,0
Zx2DD7E0642A4827E03C235724922D866A37D619A859B89A73_38,0,0
Zx2DD7E0642A4827E03C235724922D866A37D619A859B89A73_39,1,0
Zx2DD7E0642A4827E03C235724922D866A37D619A859B89A73_40,0,0
Zx2DD7E0642A4827E03C235724922D866A37D619A859B89A73_41,0,0
Zx2DD7E0642A4827E03C235724922D866A37D619A859B89A73_42,1,0
Zx2DD7E0642A4827E03C235724922D866A37D619A859B89A73_43,0,0
Zx2DD7E0642A4827E03C235724922D866A37D619A859B89A73_44,1,0
Zx2DD7E0642A4827E03C235724922D866A37D619A859B89A73_45,1,0
Zx2DD7E0642A4827E03C235724922D866A37D619A859B89A73_46,0,0
Zx2DD7E0642A4827E03C235724922D866A37D619A859B89A73_47,0,0
Zx2DD7E0642A4827E03C235724922D866A37D619A859B89A73_48,0,0
Zx2DD7E0642A4827E03C235724922D866A37D619A859B89A73_49,1,0
Zx2DD7E0642A4827E03C235724922D866A37D619A859B89A73_50,1,0
Zx2DD7E0642A4827E03C235724922D866A37D619A859B89A73_51,1,0
Zx2DD7E0642A4827E03C235724922D866A37D619A859B89A73_52,1,0
Zx2DD7E0642A4827E03C235724922D866A37D619A859B89A73_53,1,0
Zx2DD7E0642A4827E03C235724922D866A37D619A859B89A73_54,1,0
Zx2DD7E0642A4827E03C235724922D866A37D619A859B89A73_55,1,0
Zx2DD7E0642A4827E03C235724922D866A37D619A859B89A73_56,1,0
Zx2DD7E0642A4827E03C235724922D866A37D619A859B89A73_57,0,0
Zx2DD7E0642A4827E03C235724922D866A37D619A859B89A73_58,0,0
Zx2DD7E0642A4827E03C235724922D866A37D619A859B89A73_59,1,0
Zx2DD7E0642A4827E03C235724922D866A37D619A859B89A73_60,0,0
Zx2DD7E0642A4827E03C235724922D866A37D619A859B89A73_61,1,0
Zx2DD7E0642A4827E03C235724922D866A37D619A859B89A73_62,1,0
Zx2DD7E0642A4827E03C235724922D866A37D619A859B89A73_63,1,0
Zx2DD7E0642A4827E03C235724922D866A37D619A859B89A73_64,0,0
Zx2DD7E0642A4827E03C235724922D866A37D619A859B89A73_65,1,0
Zx2DD7E0642A4827E03C235724922D866A37D619A859B89A73_66,0,0
Zx2DD7E0642A4827E03C235724922D866A37D619A859B89A73_67,0,0
Zx2DD7E0642A4827E03C235724922D866A37D619A859B89A73_68,1,0
Zx2DD7E0642A4827E03C235724922D866A37D619A859B89A73_69,1,0
Zx2DD7E0642A4827E03C235724922D866A37D619A859B89A73_70,1,0
Zx2DD7E0642A4827E03C235724922D866A37D619A859B89A73_71,1,0
Zx2DD7E0642A4827E03C235724922D866A37D619A859B89A73_72,1,0
Zx2DD7E0642A4827E03C235724922D866A37D619A859B89A73_73,1,0
Zx2DD7E0642A4827E03C235724922D866A37D619A859B89A73_74,1,0
Zx2DD7E0642A4827E03C235724922D866A37D619A859B89A73_75,1,0
Zx2DD7E0642A4827E03C235724922D866A37D619A859B89A73_76,1,0
Zx2DD7E0642A4827E03C235724922D866A37D619A859B89A73_77,1,0
Zx2DD7E0642A4827E03C235724922D866A37D619A859B89A73_78,1,0
Zx2DD7E0642A4827E03C235724922D866A37D619A859B89A73_79,1,0
Zx2DD7E0642A4827E03C235724922D866A37D619A859B89A73_80,1,0
Zx2DD7E0642A4827E03C235724922D866A37D619A859B89A73_81,1,0
Zx2DD7E0642A4827E03C235724922D866A37D619A859B89A73_82,0,0
Zx2DD7E0642A4827E03C235724922D866A37D619A859B89A73_83,1,0
Zx2DD7E0642A4827E03C235724922D866A37D619A859B89A73_84,0,0
Zx2DD7E0642A4827E03C235724922D866A37D619A859B89A73_85,1,0
Zx2DD7E0642A4827E03C235724922D866A37D619A859B89A73_86,1,0
Zx2DD7E0642A4827E03C235724922D866A37D619A859B89A73_87,1,0
Zx2DD7E0642A4827E03C235724922D866A37D619A859B89A73_88,0,0
Zx2DD7E0642A4827E03C235724922D866A37D619A859B89A73_89,1,0
Zx2DD7E0642A4827E03C235724922D866A37D619A859B89A73_90,1,0
Zx2DD7E0642A4827E03C235724922D866A37D619A859B89A73_91,1,0
Zx2DD7E0642A4827E03C235724922D866A37D619A859B89A73_92,0,0
Zx2DD7E0642A4827E03C235724922D866A37D619A859B89A73_93,1,0
Zx2DD7E0642A4827E03C235724922D866A37D619A859B89A73_94,0,0
Zx2DD7E0642A4827E03C235724922D866A37D619A859B89A73_95,1,0
Zx2DD7E0642A4827E03C235724922D866A37D619A859B89A73_96,0,0
Zx2DD7E0642A4827E03C235724922D866A37D619A859B89A73_97,0,0
Zx2DD7E0642A4827E03C235724922D866A37D619A859B89A73_98,1,0
Zx2DD7E0642A4827E03C235724922D866A37D619A859B89A73_99,0,0
Zx2DD7E0642A4827E03C235724922D866A37D619A859B89A73_100,0,0
Zx2DD7E0642A4827E03C235724922D866A37D619A859B89A73_101,0,0
Zx2DD7E0642A4827E03C235724922D866A37D619A859B89A73_102,0,0
Zx2DD7E0642A4827E03C235724922D866A37D619A859B89A73_103,1,0
Zx3A5E7419657D5644214B6C229CD7862ED9D7FC5DBFBD56F6,1,1
Zx3A5E7419657D5644214B6C229CD7862ED9D7FC5DBFBD56F6_0,0,0
Zx3A5E7419657D5644214B6C229CD7862ED9D7FC5DBFBD56F6_1,0,0
Zx3A5E7419657D5644214B6C229CD7862ED9D7FC5DBFBD56F6_2,0,0
Zx3A5E7419657D5644214B6C229CD7862ED9D7FC5DBFBD56F6_3,0,0
Zx3A5E7419657D5644214B6C229CD7862ED9D7FC5DBFBD56F6_4,1,0
Zx3A5E7419657D5644214B6C229CD7862ED9D7FC5DBFBD56F6_5,0,0
Zx3A5E7419657D5644214B6C229CD7862ED9D7FC5DBFBD56F6_6,0,0
Zx3A5E7419657D5644214B6C229CD7862ED9D7FC5DBFBD56F6_7,0,0
Zx3A5E7419657D5644214B6C229CD7862ED9D7FC5DBFBD56F6_8,0,0
Zx3A5E7419657D5644214B6C229CD7862ED9D7FC5DBFBD56F6_9,0,0
Zx3A5E7419657D5644214B6C229CD7862ED9D7FC5DBFBD56F6_10,0,0
Zx3A5E7419657D5644214B6C229CD7862ED9D7FC5DBFBD56F6_11,1,0
Zx3A5E7419657D5644214B6C229CD7862ED9D7FC5DBFBD56F6_12,1,0
Zx3A5E7419657D5644214B6C229CD7862ED9D7FC5DBFBD56F6_13,1,0
Zx3A5E7419657D5644214B6C229CD7862ED9D7FC5DBFBD56F6_14,0,0
Zx3A5E7419657D5644214B6C229CD7862ED9D7FC5DBFBD56F6_15,0,0
Zx3A5E7419657D5644214B6C229CD7862ED9D7FC5DBFBD56F6_16,0,0
Zx3A5E7419657D5644214B6C229CD7862ED9D7FC5DBFBD56F6_17,0,0
Zx3A5E7419657D5644214B6C229CD7862ED9D7FC5DBFBD56F6_18,0,0
Zx3A5E7419657D5644214B6C229CD7862ED9D7FC5DBFBD56F6_19,0,0
Zx3A5E7419657D5644214B6C229CD7862ED9D7FC5DBFBD56F6_20,1,0
Zx3A5E7419657D5644214B6C229CD7862ED9D7FC5DBFBD56F6_21,0,0
Zx3A5E7419657D5644214B6C229CD7862ED9D7FC5DBFBD56F6_22,0,0
Zx3A5E7419657D5644214B6C229CD7862ED9D7FC5DBFBD56F6_23,0,0
Zx3A5E7419657D5644214B6C229CD7862ED9D7FC5DBFBD56F6_24,0,0
Zx3A5E7419657D5644214B6C229CD7862ED9D7FC5DBFBD56F6_25,0,0
Zx3A5E7419657D5644214B6C229CD7862ED9D7FC5DBFBD56F6_26,0,0
Zx3A5E7419657D5644214B6C229CD7862ED9D7FC5DBFBD56F6_27,0,0
Zx3A5E7419657D5644214B6C229CD7862ED9D7FC5DBFBD56F6_28,1,1
Zx3A5E7419657D5644214B6C229CD7862ED9D7FC5DBFBD56F6_29,1,1
Zx3A5E7419657D5644214B6C229CD7862ED9D7FC5DBFBD56F6_30,1,1
Zx3A5E7419657D5644214B6C229CD7862ED9D7FC5DBFBD56F6_31,1,1
Zx3A5E7419657D5644214B6C229CD7862ED9D7FC5DBFBD56F6_32,1,1
Zx3A5E7419657D5644214B6C229CD7862ED9D7FC5DBFBD56F6_33,1,1
Zx3A5E7419657D5644214B6C229CD7862ED9D7FC5DBFBD56F6_34,1,1
Zx3A5E7419657D5644214B6C229CD7862ED9D7FC5DBFBD56F6_35,0,1
Zx3A5E7419657D5644214B6C229CD7862ED9D7FC5DBFBD56F6_36,0,0
Zx3A5E7419657D5644214B6C229CD7862ED9D7FC5DBFBD56F6_37,1,0
Zx3A5E7419657D5644214B6C229CD7862ED9D7FC5DBFBD56F6_38,0,0
Zx3A5E7419657D5644214B6C229CD7862ED9D7FC5DBFBD56F6_39,0,0
Zx3A5E7419657D5644214B6C229CD7862ED9D7FC5DBFBD56F6_40,1,0
Zx3A5E7419657D5644214B6C229CD7862ED9D7FC5DBFBD56F6_41,1,0
Zx3A5E7419657D5644214B6C229CD7862ED9D7FC5DBFBD56F6_42,0,0
Zx3A5E7419657D5644214B6C229CD7862ED9D7FC5DBFBD56F6_43,0,0
Zx3A5E7419657D5644214B6C229CD7862ED9D7FC5DBFBD56F6_44,0,0
Zx3A5E7419657D5644214B6C229CD7862ED9D7FC5DBFBD56F6_45,1,0
Zx3A5E7419657D5644214B6C229CD7862ED9D7FC5DBFBD56F6_46,1,0
Zx3A5E7419657D5644214B6C229CD7862ED9D7FC5DBFBD56F6_47,0,0
Zx3A5E7419657D5644214B6C229CD7862ED9D7FC5DBFBD56F6_48,1,0
Zx3A5E7419657D5644214B6C229CD7862ED9D7FC5DBFBD56F6_49,1,0
Zx3A5E7419657D5644214B6C229CD7862ED9D7FC5DBFBD56F6_50,1,0
Zx3A5E7419657D5644214B6C229CD7862ED9D7FC5DBFBD56F6_51,1,0
Zx3A5E7419657D5644214B6C229CD7862ED9D7FC5DBFBD56F6_52,1,0
Zx3A5E7419657D5644214B6C229CD7862ED9D7FC5DBFBD56F6_53,1,0
Zx3A5E7419657D5644214B6C229CD7862ED9D7FC5DBFBD56F6_54,0,0
Zx3A5E7419657D5644214B6C229CD7862ED9D7FC5DBFBD56F6_55,1,0
Zx3A5E7419657D5644214B6C229CD7862ED9D7FC5DBFBD56F6_56,1,0
Zx3A5E7419657D5644214B6C229CD7862ED9D7FC5DBFBD56F6_57,0,0
Zx3A5E7419657D5644214B6C229CD7862ED9D7FC5DBFBD56F6_58,0,0
Zx3A5E7419657D5644214B6C229CD7862ED9D7FC5DBFBD56F6_59,0,0
Zx3A5E7419657D5644214B6C229CD7862ED9D7FC5DBFBD56F6_60,1,0
Zx3A5E7419657D5644214B6C229CD7862ED9D7FC5DBFBD56F6_61,1,0
Zx3A5E7419657D5644214B6C229CD7862ED9D7FC5DBFBD56F6_62,1,0
Zx3A5E7419657D5644214B6C229CD7862ED9D7FC5DBFBD56F6_63,0,0
Zx3A5E7419657D5644214B6C229CD7862ED9D7FC5DBFBD56F6_64,0,0
Zx3A5E7419657D5644214B6C229CD7862ED9D7FC5DBFBD56F6_65,0,0
Zx3A5E7419657D5644214B6C229CD7862ED9D7FC5DBFBD56F6_66,1,0
Zx3A5E7419657D5644214B6C229CD7862ED9D7FC5DBFBD56F6_67,1,0
Zx3A5E7419657D5644214B6C229CD7862ED9D7FC5DBFBD56F6_68,1,0
Zx3A5E7419657D5644214B6C229CD7862ED9D7FC5DBFBD56F6_69,0,0
Zx3A5E7419657D5644214B6C229CD7862ED9D7FC5DBFBD56F6_70,1,0
Zx3A5E7419657D5644214B6C229CD7862ED9D7FC5DBFBD56F6_71,0,0
Zx3A5E7419657D5644214B6C229CD7862ED9D7FC5DBFBD56F6_72,0,0
Zx3A5E7419657D5644214B6C229CD7862ED9D7FC5DBFBD56F6_73,0,0
Zx3A5E7419657D5644214B6C229CD7862ED9D7FC5DBFBD56F6_74,0,0
Zx3A5E7419657D5644214B6C229CD7862ED9D7FC5DBFBD56F6_75,0,0
Zx3A5E7419657D5644214B6C229CD7862ED9D7FC5DBFBD56F6_76,0,0
Zx3A5E7419657D5644214B6C229CD7862ED9D7FC5DBFBD56F6_77,0,0
Zx3A5E7419657D5644214B6C229CD7862ED9D7FC5DBFBD56F6_78,0,0
Zx3A5E7419657D5644214B6C229CD7862ED9D7FC5DBFBD56F6_79,0,0
Zx3A5E7419657D5644214B6C229CD7862ED9D7FC5DBFBD56F6_80,0,0
Zx3A5E7419657D5644214B6C229CD7862ED9D7FC5DBFBD56F6_81,0,0
Zx3A5E7419657D5644214B6C229CD7862ED9D7FC5DBFBD56F6_82,0,0
Zx5B4958EAA06DEB89D67B8BD142312D0F7310519CDB56C6DA,1,1
Zx5B4958EAA06DEB89D67B8BD142312D0F7310519CDB56C6DA_0,0,0
Zx5B4958EAA06DEB89D67B8BD142312D0F7310519CDB56C6DA_1,0,0
Zx5B4958EAA06DEB89D67B8BD142312D0F7310519CDB56C6DA_2,0,0
Zx5B4958EAA06DEB89D67B8BD142312D0F7310519CDB56C6DA_3,0,0
Zx5B4958EAA06DEB89D67B8BD142312D0F7310519CDB56C6DA_4,0,0
Zx5B4958EAA06DEB89D67B8BD142312D0F7310519CDB56C6DA_5,0,0
Zx5B4958EAA06DEB89D67B8BD142312D0F7310519CDB56C6DA_6,0,0
Zx5B4958EAA06DEB89D67B8BD142312D0F7310519CDB56C6DA_7,0,0
Zx5B4958EAA06DEB89D67B8BD142312D0F7310519CDB56C6DA_8,0,0
Zx5B4958EAA06DEB89D67B8BD142312D0F7310519CDB56C6DA_9,0,0
Zx5B4958EAA06DEB89D67B8BD142312D0F7310519CDB56C6DA_10,0,0
Zx5B4958EAA06DEB89D67B8BD142312D0F7310519CDB56C6DA_11,1,0
Zx5B4958EAA06DEB89D67B8BD142312D0F7310519CDB56C6DA_12,0,0
Zx5B4958EAA06DEB89D67B8BD142312D0F7310519CDB56C6DA_13,0,0
Zx5B4958EAA06DEB89D67B8BD142312D0F7310519CDB56C6DA_14,1,0
Zx5B4958EAA06DEB89D67B8BD142312D0F7310519CDB56C6DA_15,1,0
Zx5B4958EAA06DEB89D67B8BD142312D0F7310519CDB56C6DA_16,0,0
Zx5B4958EAA06DEB89D67B8BD142312D0F7310519CDB56C6DA_17,0,0
Zx5B4958EAA06DEB89D67B8BD142312D0F7310519CDB56C6DA_18,0,0
Zx5B4958EAA06DEB89D67B8BD142312D0F7310519CDB56C6DA_19,1,0
Zx5B4958EAA06DEB89D67B8BD142312D0F7310519CDB56C6DA_20,0,0
Zx5B4958EAA06DEB89D67B8BD142312D0F7310519CDB56C6DA_21,1,0
Zx5B4958EAA06DEB89D67B8BD142312D0F7310519CDB56C6DA_22,1,0
Zx5B4958EAA06DEB89D67B8BD142312D0F7310519CDB56C6DA_23,1,0
Zx5B4958EAA06DEB89D67B8BD142312D0F7310519CDB56C6DA_24,1,0
Zx5B4958EAA06DEB89D67B8BD142312D0F7310519CDB56C6DA_25,1,0
Zx5B4958EAA06DEB89D67B8BD142312D0F7310519CDB56C6DA_26,1,0
Zx5B4958EAA06DEB89D67B8BD142312D0F7310519CDB56C6DA_27,1,0
Zx5B4958EAA06DEB89D67B8BD142312D0F7310519CDB56C6DA_28,1,0
Zx5B4958EAA06DEB89D67B8BD142312D0F7310519CDB56C6DA_29,1,0
Zx5B4958EAA06DEB89D67B8BD142312D0F7310519CDB56C6DA_30,1,1
Zx5B4958EAA06DEB89D67B8BD142312D0F7310519CDB56C6DA_31,1,1
Zx5B4958EAA06DEB89D67B8BD142312D0F7310519CDB56C6DA_32,1,1
Zx5B4958EAA06DEB89D67B8BD142312D0F7310519CDB56C6DA_33,1,1
Zx5B4958EAA06DEB89D67B8BD142312D0F7310519CDB56C6DA_34,1,1
Zx5B4958EAA06DEB89D67B8BD142312D0F7310519CDB56C6DA_35,1,1
Zx5B4958EAA06DEB89D67B8BD142312D0F7310519CDB56C6DA_36,1,1
Zx5B4958EAA06DEB89D67B8BD142312D0F7310519CDB56C6DA_37,1,1
Zx5B4958EAA06DEB89D67B8BD142312D0F7310519CDB56C6DA_38,1,1
Zx5B4958EAA06DEB89D67B8BD142312D0F7310519CDB56C6DA_39,1,1
Zx5B4958EAA06DEB89D67B8BD142312D0F7310519CDB56C6DA_40,1,1
Zx5B4958EAA06DEB89D67B8BD142312D0F7310519CDB56C6DA_41,0,0
Zx5B4958EAA06DEB89D67B8BD142312D0F7310519CDB56C6DA_42,0,0
Zx5B4958EAA06DEB89D67B8BD142312D0F7310519CDB56C6DA_43,1,0
Zx5B4958EAA06DEB89D67B8BD142312D0F7310519CDB56C6DA_44,0,0
Zx5B4958EAA06DEB89D67B8BD142312D0F7310519CDB56C6DA_45,1,0
Zx5B4958EAA06DEB89D67B8BD142312D0F7310519CDB56C6DA_46,1,0
Zx5B4958EAA06DEB89D67B8BD142312D0F7310519CDB56C6DA_47,0,0
Zx5B4958EAA06DEB89D67B8BD142312D0F7310519CDB56C6DA_48,0,0
Zx5B4958EAA06DEB89D67B8BD142312D0F7310519CDB56C6DA_49,0,0
Zx5B4958EAA06DEB89D67B8BD142312D0F7310519CDB56C6DA_50,0,0
Zx5B4958EAA06DEB89D67B8BD142312D0F7310519CDB56C6DA_51,1,0
Zx5B4958EAA06DEB89D67B8BD142312D0F7310519CDB56C6DA_52,1,0
Zx5B4958EAA06DEB89D67B8BD142312D0F7310519CDB56C6DA_53,0,0
Zx5B4958EAA06DEB89D67B8BD142312D0F7310519CDB56C6DA_54,0,0
Zx5B4958EAA06DEB89D67B8BD142312D0F7310519CDB56C6DA_55,0,0
Zx5B4958EAA06DEB89D67B8BD142312D0F7310519CDB56C6DA_56,0,0
Zx5B4958EAA06DEB89D67B8BD142312D0F7310519CDB56C6DA_57,1,0
Zx5B4958EAA06DEB89D67B8BD142312D0F7310519CDB56C6DA_58,0,0
Zx5B4958EAA06DEB89D67B8BD142312D0F7310519CDB56C6DA_59,1,0
Zx5B4958EAA06DEB89D67B8BD142312D0F7310519CDB56C6DA_60,0,0
Zx5B4958EAA06DEB89D67B8BD142312D0F7310519CDB56C6DA_61,0,0
Zx5B4958EAA06DEB89D67B8BD142312D0F7310519CDB56C6DA_62,0,0
Zx5B4958EAA06DEB89D67B8BD142312D0F7310519CDB56C6DA_63,0,0
Zx5B4958EAA06DEB89D67B8BD142312D0F7310519CDB56C6DA_64,0,0
Zx5B4958EAA06DEB89D67B8BD142312D0F7310519CDB56C6DA_65,0,0
Zx5B4958EAA06DEB89D67B8BD142312D0F7310519CDB56C6DA_66,0,0
Zx5B4958EAA06DEB89D67B8BD142312D0F7310519CDB56C6DA_67,1,0
Zx5B4958EAA06DEB89D67B8BD142312D0F7310519CDB56C6DA_68,0,0
Zx5B4958EAA06DEB89D67B8BD142312D0F7310519CDB56C6DA_69,0,0
Zx5B4958EAA06DEB89D67B8BD142312D0F7310519CDB56C6DA_70,0,0
Zx5B4958EAA06DEB89D67B8BD142312D0F7310519CDB56C6DA_71,0,0
Zx5B4958EAA06DEB89D67B8BD142312D0F7310519CDB56C6DA_72,1,0
Zx5B4958EAA06DEB89D67B8BD142312D0F7310519CDB56C6DA_73,0,0
Zx5B4958EAA06DEB89D67B8BD142312D0F7310519CDB56C6DA_74,0,0
Zx5B4958EAA06DEB89D67B8BD142312D0F7310519CDB56C6DA_75,0,0
Zx5B4958EAA06DEB89D67B8BD142312D0F7310519CDB56C6DA_76,0,0
Zx5B4958EAA06DEB89D67B8BD142312D0F7310519CDB56C6DA_77,1,0
Zx5B4958EAA06DEB89D67B8BD142312D0F7310519CDB56C6DA_78,0,0
Zx5B4958EAA06DEB89D67B8BD142312D0F7310519CDB56C6DA_79,1,0
Zx5B4958EAA06DEB89D67B8BD142312D0F7310519CDB56C6DA_80,0,0
Zx5B4958EAA06DEB89D67B8BD142312D0F7310519CDB56C6DA_81,0,0
Zx5B4958EAA06DEB89D67B8BD142312D0F7310519CDB56C6DA_82,0,0
Zx5B4958EAA06DEB89D67B8BD142312D0F7310519CDB56C6DA_83,0,0
Zx5B4958EAA06DEB89D67B8BD142312D0F7310519CDB56C6DA_84,1,0
Zx5B4958EAA06DEB89D67B8BD142312D0F7310519CDB56C6DA_85,0,0
Zx5B4958EAA06DEB89D67B8BD142312D0F7310519CDB56C6DA_86,0,0
Zx5B4958EAA06DEB89D67B8BD142312D0F7310519CDB56C6DA_87,0,0
Zx5B4958EAA06DEB89D67B8BD142312D0F7310519CDB56C6DA_88,0,0
Zx5B4958EAA06DEB89D67B8BD142312D0F7310519CDB56C6DA_89,0,0
Zx5B4958EAA06DEB89D67B8BD142312D0F7310519CDB56C6DA_90,0,0
Zx5B4958EAA06DEB89D67B8BD142312D0F7310519CDB56C6DA_91,0,0
Zx5B4958EAA06DEB89D67B8BD142312D0F7310519CDB56C6DA_92,0,0
Zx5ED676E3244BB1F8F29FED01A9C6EC7A22CC92EB941DE0FE,1,0
Zx5ED676E3244BB1F8F29FED01A9C6EC7A22CC92EB941DE0FE_0,1,0
Zx5ED676E3244BB1F8F29FED01A9C6EC7A22CC92EB941DE0FE_1,0,0
Zx5ED676E3244BB1F8F29FED01A9C6EC7A22CC92EB941DE0FE_2,0,0
Zx5ED676E3244BB1F8F29FED01A9C6EC7A22CC92EB941DE0FE_3,1,0
Zx5ED676E3244BB1F8F29FED01A9C6EC7A22CC92EB941DE0FE_4,0,0
Zx5ED676E3244BB1F8F29FED01A9C6EC7A22CC92EB941DE0FE_5,0,0
Zx5ED676E3244BB1F8F29FED01A9C6EC7A22CC92EB941DE0FE_6,0,0
Zx5ED676E3244BB1F8F29FED01A9C6EC7A22CC92EB941DE0FE_7,0,0
Zx5ED676E3244BB1F8F29FED01A9C6EC7A22CC92EB941DE0FE_8,1,0
Zx5ED676E3244BB1F8F29FED01A9C6EC7A22CC92EB941DE0FE_9,0,0
Zx5ED676E3244BB1F8F29FED01A9C6EC7A22CC92EB941DE0FE_10,0,0
Zx5ED676E3244BB1F8F29FED01A9C6EC7A22CC92EB941DE0FE_11,0,0
Zx5ED676E3244BB1F8F29FED01A9C6EC7A22CC92EB941DE0FE_12,0,0
Zx5ED676E3244BB1F8F29FED01A9C6EC7A22CC92EB941DE0FE_13,0,0
Zx5ED676E3244BB1F8F29FED01A9C6EC7A22CC92EB941DE0FE_14,0,0
Zx5ED676E3244BB1F8F29FED01A9C6EC7A22CC92EB941DE0FE_15,0,0
Zx5ED676E3244BB1F8F29FED01A9C6EC7A22CC92EB941DE0FE_16,0,0
Zx5ED676E3244BB1F8F29FED01A9C6EC7A22CC92EB941DE0FE_17,0,0
Zx5ED676E3244BB1F8F29FED01A9C6EC7A22CC92EB941DE0FE_18,1,0
Zx5ED676E3244BB1F8F29FED01A9C6EC7A22CC92EB941DE0FE_19,0,0
Zx5ED676E3244BB1F8F29FED01A9C6EC7A22CC92EB941DE0FE_20,0,0
Zx5ED676E3244BB1F8F29FED01A9C6EC7A22CC92EB941DE0FE_21,1,0
Zx5ED676E3244BB1F8F29FED01A9C6EC7A22CC92EB941DE0FE_22,1,0
Zx5ED676E3244BB1F8F29FED01A9C6EC7A22CC92EB941DE0FE_23,0,0
Zx5ED676E3244BB1F8F29FED01A9C6EC7A22CC92EB941DE0FE_24,1,0
Zx5ED676E3244BB1F8F29FED01A9C6EC7A22CC92EB941DE0FE_25,1,0
Zx5ED676E3244BB1F8F29FED01A9C6EC7A22CC92EB941DE0FE_26,1,0
Zx5ED676E3244BB1F8F29FED01A9C6EC7A22CC92EB941DE0FE_27,0,0
Zx5ED676E3244BB1F8F29FED01A9C6EC7A22CC92EB941DE0FE_28,0,0
Zx5ED676E3244BB1F8F29FED01A9C6EC7A22CC92EB941DE0FE_29,0,0
Zx5ED676E3244BB1F8F29FED01A9C6EC7A22CC92EB941DE0FE_30,0,0
Zx5ED676E3244BB1F8F29FED01A9C6EC7A22CC92EB941DE0FE_31,0,0
Zx5ED676E3244BB1F8F29FED01A9C6EC7A22CC92EB941DE0FE_32,0,0
Zx5ED676E3244BB1F8F29FED01A9C6EC7A22CC92EB941DE0FE_33,1,0
Zx5ED676E3244BB1F8F29FED01A9C6EC7A22CC92EB941DE0FE_34,1,0
Zx5ED676E3244BB1F8F29FED01A9C6EC7A22CC92EB941DE0FE_35,0,0
Zx5ED676E3244BB1F8F29FED01A9C6EC7A22CC92EB941DE0FE_36,0,0
Zx5ED676E3244BB1F8F29FED01A9C6EC7A22CC92EB941DE0FE_37,0,0
Zx5ED676E3244BB1F8F29FED01A9C6EC7A22CC92EB941DE0FE_38,1,0
Zx5ED676E3244BB1F8F29FED01A9C6EC7A22CC92EB941DE0FE_39,0,0
Zx5ED676E3244BB1F8F29FED01A9C6EC7A22CC92EB941DE0FE_40,0,0
Zx5ED676E3244BB1F8F29FED01A9C6EC7A22CC92EB941DE0FE_41,0,0
Zx5ED676E3244BB1F8F29FED01A9C6EC7A22CC92EB941DE0FE_42,0,0
Zx5ED676E3244BB1F8F29FED01A9C6EC7A22CC92EB941DE0FE_43,0,0
Zx5ED676E3244BB1F8F29FED01A9C6EC7A22CC92EB941DE0FE_44,0,0
Zx5ED676E3244BB1F8F29FED01A9C6EC7A22CC92EB941DE0FE_45,1,0
Zx5ED676E3244BB1F8F29FED01A9C6EC7A22CC92EB941DE0FE_46,0,0
Zx5ED676E3244BB1F8F29FED01A9C6EC7A22CC92EB941DE0FE_47,1,0
Zx5ED676E3244BB1F8F29FED01A9C6EC7A22CC92EB941DE0FE_48,0,0
Zx5ED676E3244BB1F8F29FED01A9C6EC7A22CC92EB941DE0FE_49,1,0
Zx5ED676E3244BB1F8F29FED01A9C6EC7A22CC92EB941DE0FE_50,0,0
Zx5ED676E3244BB1F8F29FED01A9C6EC7A22CC92EB941DE0FE_51,0,0
Zx5ED676E3244BB1F8F29FED01A9C6EC7A22CC92EB941DE0FE_52,0,0
Zx5ED676E3244BB1F8F29FED01A9C6EC7A22CC92EB941DE0FE_53,0,0
Zx5ED676E3244BB1F8F29FED01A9C6EC7A22CC92EB941DE0FE_54,0,0
Zx5ED676E3244BB1F8F29FED01A9C6EC7A22CC92EB941DE0FE_55,1,0
Zx5ED676E3244BB1F8F29FED01A9C6EC7A22CC92EB941DE0FE_56,0,0
Zx5ED676E3244BB1F8F29FED01A9C6EC7A22CC92EB941DE0FE_57,0,0
Zx5ED676E3244BB1F8F29FED01A9C6EC7A22CC92EB941DE0FE_58,0,0
Zx5ED676E3244BB1F8F29FED01A9C6EC7A22CC92EB941DE0FE_59,0,0
Zx5ED676E3244BB1F8F29FED01A9C6EC7A22CC92EB941DE0FE_60,0,0
Zx5ED676E3244BB1F8F29FED01A9C6EC7A22CC92EB941DE0FE_61,0,0
Zx5ED676E3244BB1F8F29FED01A9C6EC7A22CC92EB941DE0FE_62,0,0
Zx5ED676E3244BB1F8F29FED01A9C6EC7A22CC92EB941DE0FE_63,0,0
Zx5ED676E3244BB1F8F29FED01A9C6EC7A22CC92EB941DE0FE_64,0,0
Zx5ED676E3244BB1F8F29FED01A9C6EC7A22CC92EB941DE0FE_65,1,0
Zx5ED676E3244BB1F8F29FED01A9C6EC7A22CC92EB941DE0FE_66,0,0
Zx5ED676E3244BB1F8F29FED01A9C6EC7A22CC92EB941DE0FE_67,0,0
Zx5ED676E3244BB1F8F29FED01A9C6EC7A22CC92EB941DE0FE_68,1,0
Zx5ED676E3244BB1F8F29FED01A9C6EC7A22CC92EB941DE0FE_69,1,0
Zx5ED676E3244BB1F8F29FED01A9C6EC7A22CC92EB941DE0FE_70,1,0
Zx5ED676E3244BB1F8F29FED01A9C6EC7A22CC92EB941DE0FE_71,1,0
Zx5ED676E3244BB1F8F29FED01A9C6EC7A22CC92EB941DE0FE_72,1,0
Zx5ED676E3244BB1F8F29FED01A9C6EC7A22CC92EB941DE0FE_73,1,0
Zx5ED676E3244BB1F8F29FED01A9C6EC7A22CC92EB941DE0FE_74,1,0
Zx5ED676E3244BB1F8F29FED01A9C6EC7A22CC92EB941DE0FE_75,1,0
Zx5ED676E3244BB1F8F29FED01A9C6EC7A22CC92EB941DE0FE_76,0,0
Zx5ED676E3244BB1F8F29FED01A9C6EC7A22CC92EB941DE0FE_77,0,0
Zx5ED676E3244BB1F8F29FED01A9C6EC7A22CC92EB941DE0FE_78,0,0
Zx5ED676E3244BB1F8F29FED01A9C6EC7A22CC92EB941DE0FE_79,0,0
Zx5ED676E3244BB1F8F29FED01A9C6EC7A22CC92EB941DE0FE_80,0,0
Zx5ED676E3244BB1F8F29FED01A9C6EC7A22CC92EB941DE0FE_81,0,0
Zx5ED676E3244BB1F8F29FED01A9C6EC7A22CC92EB941DE0FE_82,0,0
Zx5ED676E3244BB1F8F29FED01A9C6EC7A22CC92EB941DE0FE_83,0,0
Zx5ED676E3244BB1F8F29FED01A9C6EC7A22CC92EB941DE0FE_84,0,0
Zx5ED676E3244BB1F8F29FED01A9C6EC7A22CC92EB941DE0FE_85,0,0
Zx5ED676E3244BB1F8F29FED01A9C6EC7A22CC92EB941DE0FE_86,0,0
Zx5ED676E3244BB1F8F29FED01A9C6EC7A22CC92EB941DE0FE_87,0,0
Zx5ED676E3244BB1F8F29FED01A9C6EC7A22CC92EB941DE0FE_88,0,0
Zx5ED676E3244BB1F8F29FED01A9C6EC7A22CC92EB941DE0FE_89,0,0
Zx5ED676E3244BB1F8F29FED01A9C6EC7A22CC92EB941DE0FE_90,0,0
Zx5ED676E3244BB1F8F29FED01A9C6EC7A22CC92EB941DE0FE_91,0,0
Zx5ED676E3244BB1F8F29FED01A9C6EC7A22CC92EB941DE0FE_92,0,0
Zx5ED676E3244BB1F8F29FED01A9C6EC7A22CC92EB941DE0FE_93,0,0
Zx5ED676E3244BB1F8F29FED01A9C6EC7A22CC92EB941DE0FE_94,0,0
Zx6EC130BB2F5E1ECB19C1DE97A5366FE2F3049D42D76122EC,1,1
Zx6EC130BB2F5E1ECB19C1DE97A5366FE2F3049D42D76122EC_0,1,0
Zx6EC130BB2F5E1ECB19C1DE97A5366FE2F3049D42D76122EC_1,0,0
Zx6EC130BB2F5E1ECB19C1DE97A5366FE2F3049D42D76122EC_2,0,0
Zx6EC130BB2F5E1ECB19C1DE97A5366FE2F3049D42D76122EC_3,0,0
Zx6EC130BB2F5E1ECB19C1DE97A5366FE2F3049D42D76122EC_4,1,0
Zx6EC130BB2F5E1ECB19C1DE97A5366FE2F3049D42D76122EC_5,0,0
Zx6EC130BB2F5E1ECB19C1DE97A5366FE2F3049D42D76122EC_6,0,0
Zx6EC130BB2F5E1ECB19C1DE97A5366FE2F3049D42D76122EC_7,1,0
Zx6EC130BB2F5E1ECB19C1DE97A5366FE2F3049D42D76122EC_8,0,0
Zx6EC130BB2F5E1ECB19C1DE97A5366FE2F3049D42D76122EC_9,0,0
Zx6EC130BB2F5E1ECB19C1DE97A5366FE2F3049D42D76122EC_10,1,0
Zx6EC130BB2F5E1ECB19C1DE97A5366FE2F3049D42D76122EC_11,1,0
Zx6EC130BB2F5E1ECB19C1DE97A5366FE2F3049D42D76122EC_12,0,0
Zx6EC130BB2F5E1ECB19C1DE97A5366FE2F3049D42D76122EC_13,1,0
Zx6EC130BB2F5E1ECB19C1DE97A5366FE2F3049D42D76122EC_14,1,0
Zx6EC130BB2F5E1ECB19C1DE97A5366FE2F3049D42D76122EC_15,1,0
Zx6EC130BB2F5E1ECB19C1DE97A5366FE2F3049D42D76122EC_16,0,0
Zx6EC130BB2F5E1ECB19C1DE97A5366FE2F3049D42D76122EC_17,1,0
Zx6EC130BB2F5E1ECB19C1DE97A5366FE2F3049D42D76122EC_18,0,0
Zx6EC130BB2F5E1ECB19C1DE97A5366FE2F3049D42D76122EC_19,0,0
Zx6EC130BB2F5E1ECB19C1DE97A5366FE2F3049D42D76122EC_20,1,0
Zx6EC130BB2F5E1ECB19C1DE97A5366FE2F3049D42D76122EC_21,1,0
Zx6EC130BB2F5E1ECB19C1DE97A5366FE2F3049D42D76122EC_22,0,0
Zx6EC130BB2F5E1ECB19C1DE97A5366FE2F3049D42D76122EC_23,1,0
Zx6EC130BB2F5E1ECB19C1DE97A5366FE2F3049D42D76122EC_24,1,1
Zx6EC130BB2F5E1ECB19C1DE97A5366FE2F3049D42D76122EC_25,1,1
Zx6EC130BB2F5E1ECB19C1DE97A5366FE2F3049D42D76122EC_26,1,1
Zx6EC130BB2F5E1ECB19C1DE97A5366FE2F3049D42D76122EC_27,1,1
Zx6EC130BB2F5E1ECB19C1DE97A5366FE2F3049D42D76122EC_28,1,1
Zx6EC130BB2F5E1ECB19C1DE97A5366FE2F3049D42D76122EC_29,1,1
Zx6EC130BB2F5E1ECB19C1DE97A5366FE2F3049D42D76122EC_30,1,1
Zx6EC130BB2F5E1ECB19C1DE97A5366FE2F3049D42D76122EC_31,1,1
Zx6EC130BB2F5E1ECB19C1DE97A5366FE2F3049D42D76122EC_32,1,1
Zx6EC130BB2F5E1ECB19C1DE97A5366FE2F3049D42D76122EC_33,1,1
Zx6EC130BB2F5E1ECB19C1DE97A5366FE2F3049D42D76122EC_34,1,1
Zx6EC130BB2F5E1ECB19C1DE97A5366FE2F3049D42D76122EC_35,1,1
Zx6EC130BB2F5E1ECB19C1DE97A5366FE2F3049D42D76122EC_36,1,0
Zx6EC130BB2F5E1ECB19C1DE97A5366FE2F3049D42D76122EC_37,0,0
Zx6EC130BB2F5E1ECB19C1DE97A5366FE2F3049D42D76122EC_38,0,0
Zx6EC130BB2F5E1ECB19C1DE97A5366FE2F3049D42D76122EC_39,1,0
Zx6EC130BB2F5E1ECB19C1DE97A5366FE2F3049D42D76122EC_40,0,0
Zx6EC130BB2F5E1ECB19C1DE97A5366FE2F3049D42D76122EC_41,0,0
Zx6EC130BB2F5E1ECB19C1DE97A5366FE2F3049D42D76122EC_42,0,0
Zx6EC130BB2F5E1ECB19C1DE97A5366FE2F3049D42D76122EC_43,0,0
Zx6EC130BB2F5E1ECB19C1DE97A5366FE2F3049D42D76122EC_44,0,0
Zx6EC130BB2F5E1ECB19C1DE97A5366FE2F3049D42D76122EC_45,0,0
Zx6EC130BB2F5E1ECB19C1DE97A5366FE2F3049D42D76122EC_46,0,0
Zx6EC130BB2F5E1ECB19C1DE97A5366FE2F3049D42D76122EC_47,0,0
Zx6EC130BB2F5E1ECB19C1DE97A5366FE2F3049D42D76122EC_48,1,0
Zx6EC130BB2F5E1ECB19C1DE97A5366FE2F3049D42D76122EC_49,1,0
Zx6EC130BB2F5E1ECB19C1DE97A5366FE2F3049D42D76122EC_50,0,0
Zx6EC130BB2F5E1ECB19C1DE97A5366FE2F3049D42D76122EC_51,1,0
Zx6EC130BB2F5E1ECB19C1DE97A5366FE2F3049D42D76122EC_52,0,0
Zx6EC130BB2F5E1ECB19C1DE97A5366FE2F3049D42D76122EC_53,1,0
Zx6EC130BB2F5E1ECB19C1DE97A5366FE2F3049D42D76122EC_54,0,0
Zx6EC130BB2F5E1ECB19C1DE97A5366FE2F3049D42D76122EC_55,0,0
Zx6EC130BB2F5E1ECB19C1DE97A5366FE2F3049D42D76122EC_56,0,0
Zx6EC130BB2F5E1ECB19C1DE97A5366FE2F3049D42D76122EC_57,1,0
Zx6EC130BB2F5E1ECB19C1DE97A5366FE2F3049D42D76122EC_58,1,0
Zx6EC130BB2F5E1ECB19C1DE97A5366FE2F3049D42D76122EC_59,1,0
Zx6EC130BB2F5E1ECB19C1DE97A5366FE2F3049D42D76122EC_60,1,0
Zx6EC130BB2F5E1ECB19C1DE97A5366FE2F3049D42D76122EC_61,0,0
Zx6EC130BB2F5E1ECB19C1DE97A5366FE2F3049D42D76122EC_62,1,0
Zx6EC130BB2F5E1ECB19C1DE97A5366FE2F3049D42D76122EC_63,0,0
Zx6EC130BB2F5E1ECB19C1DE97A5366FE2F3049D42D76122EC_64,0,0
Zx6EC130BB2F5E1ECB19C1DE97A5366FE2F3049D42D76122EC_65,0,0
Zx6EC130BB2F5E1ECB19C1DE97A5366FE2F3049D42D76122EC_66,0,0
Zx6EC130BB2F5E1ECB19C1DE97A5366FE2F3049D42D76122EC_67,1,0
Zx6EC130BB2F5E1ECB19C1DE97A5366FE2F3049D42D76122EC_68,1,0
Zx6EC130BB2F5E1ECB19C1DE97A5366FE2F3049D42D76122EC_69,1,0
Zx6EC130BB2F5E1ECB19C1DE97A5366FE2F3049D42D76122EC_70,1,0
Zx6EC130BB2F5E1ECB19C1DE97A5366FE2F3049D42D76122EC_71,1,0
Zx6EC130BB2F5E1ECB19C1DE97A5366FE2F3049D42D76122EC_72,0,0
Zx6EC130BB2F5E1ECB19C1DE97A5366FE2F3049D42D76122EC_73,0,0
Zx6EC130BB2F5E1ECB19C1DE97A5366FE2F3049D42D76122EC_74,1,0
Zx6EC130BB2F5E1ECB19C1DE97A5366FE2F3049D42D76122EC_75,0,0
Zx6EC130BB2F5E1ECB19C1DE97A5366FE2F3049D42D76122EC_76,1,0
Zx6EC130BB2F5E1ECB19C1DE97A5366FE2F3049D42D76122EC_77,1,0
Zx6EC130BB2F5E1ECB19C1DE97A5366FE2F3049D42D76122EC_78,0,0
Zx6EC130BB2F5E1ECB19C1DE97A5366FE2F3049D42D76122EC_79,0,0
Zx6EC130BB2F5E1ECB19C1DE97A5366FE2F3049D42D76122EC_80,1,0
Zx6EC130BB2F5E1ECB19C1DE97A5366FE2F3049D42D76122EC_81,0,0
Zx6EC130BB2F5E1ECB19C1DE97A5366FE2F3049D42D76122EC_82,1,0
Zx6EC130BB2F5E1ECB19C1DE97A5366FE2F3049D42D76122EC_83,0,0
Zx6EC130BB2F5E1ECB19C1DE97A5366FE2F3049D42D76122EC_84,1,0
Zx6EC130BB2F5E1ECB19C1DE97A5366FE2F3049D42D76122EC_85,0,0
Zx6EC130BB2F5E1ECB19C1DE97A5366FE2F3049D42D76122EC_86,0,0
Zx6EC130BB2F5E1ECB19C1DE97A5366FE2F3049D42D76122EC_87,0,0
Zx6EC130BB2F5E1ECB19C1DE97A5366FE2F3049D42D76122EC_88,0,0
Zx6EC130BB2F5E1ECB19C1DE97A5366FE2F3049D42D76122EC_89,1,0
Zx6EC130BB2F5E1ECB19C1DE97A5366FE2F3049D42D76122EC_90,1,0
Zx6EC130BB2F5E1ECB19C1DE97A5366FE2F3049D42D76122EC_91,0,0
Zx6EC130BB2F5E1ECB19C1DE97A5366FE2F3049D42D76122EC_92,1,0
Zx6EC130BB2F5E1ECB19C1DE97A5366FE2F3049D42D76122EC_93,0,0
Zx7C1ADB5EC3F881C119CD62993F89148864B049DB14C5318A,1,1
Zx7C1ADB5EC3F881C119CD62993F89148864B049DB14C5318A_0,0,0
Zx7C1ADB5EC3F881C119CD62993F89148864B049DB14C5318A_1,0,0
Zx7C1ADB5EC3F881C119CD62993F89148864B049DB14C5318A_2,1,0
Zx7C1ADB5EC3F881C119CD62993F89148864B049DB14C5318A_3,0,0
Zx7C1ADB5EC3F881C119CD62993F89148864B049DB14C5318A_4,0,0
Zx7C1ADB5EC3F881C119CD62993F89148864B049DB14C5318A_5,1,0
Zx7C1ADB5EC3F881C119CD62993F89148864B049DB14C5318A_6,1,0
Zx7C1ADB5EC3F881C119CD62993F89148864B049DB14C5318A_7,0,0
Zx7C1ADB5EC3F881C119CD62993F89148864B049DB14C5318A_8,0,0
Zx7C1ADB5EC3F881C119CD62993F89148864B049DB14C5318A_9,1,0
Zx7C1ADB5EC3F881C119CD62993F89148864B049DB14C5318A_10,0,0
Zx7C1ADB5EC3F881C119CD62993F89148864B049DB14C5318A_11,1,0
Zx7C1ADB5EC3F881C119CD62993F89148864B049DB14C5318A_12,0,0
Zx7C1ADB5EC3F881C119CD62993F89148864B049DB14C5318A_13,1,0
Zx7C1ADB5EC3F881C119CD62993F89148864B049DB14C5318A_14,1,0
Zx7C1ADB5EC3F881C119CD62993F89148864B049DB14C5318A_15,0,0
Zx7C1ADB5EC3F881C119CD62993F89148864B049DB14C5318A_16,0,0
Zx7C1ADB5EC3F881C119CD62993F89148864B049DB14C5318A_17,0,0
Zx7C1ADB5EC3F881C119CD62993F89148864B049DB14C5318A_18,1,0
Zx7C1ADB5EC3F881C119CD62993F89148864B049DB14C5318A_19,1,0
Zx7C1ADB5EC3F881C119CD62993F89148864B049DB14C5318A_20,1,0
Zx7C1ADB5EC3F881C119CD62993F89148864B049DB14C5318A_21,1,0
Zx7C1ADB5EC3F881C119CD62993F89148864B049DB14C5318A_22,1,0
Zx7C1ADB5EC3F881C119CD62993F89148864B049DB14C5318A_23,1,0
Zx7C1ADB5EC3F881C119CD62993F89148864B049DB14C5318A_24,1,1
Zx7C1ADB5EC3F881C119CD62993F89148864B049DB14C5318A_25,1,1
Zx7C1ADB5EC3F881C119CD62993F89148864B049DB14C5318A_26,1,1
Zx7C1ADB5EC3F881C119CD62993F89148864B049DB14C5318A_27,1,1
Zx7C1ADB5EC3F881C119CD62993F89148864B049DB14C5318A_28,1,1
Zx7C1ADB5EC3F881C119CD62993F89148864B049DB14C5318A_29,1,1
Zx7C1ADB5EC3F881C119CD62993F89148864B049DB14C5318A_30,1,1
Zx7C1ADB5EC3F881C119CD62993F89148864B049DB14C5318A_31,1,1
Zx7C1ADB5EC3F881C119CD62993F89148864B049DB14C5318A_32,1,1
Zx7C1ADB5EC3F881C119CD62993F89148864B049DB14C5318A_33,1,1
Zx7C1ADB5EC3F881C119CD62993F89148864B049DB14C5318A_34,1,0
Zx7C1ADB5EC3F881C119CD62993F89148864B049DB14C5318A_35,1,0
Zx7C1ADB5EC3F881C119CD62993F89148864B049DB14C5318A_36,0,0
Zx7C1ADB5EC3F881C119CD62993F89148864B049DB14C5318A_37,0,0
Zx7C1ADB5EC3F881C119CD62993F89148864B049DB14C5318A_38,1,0
Zx7C1ADB5EC3F881C119CD62993F89148864B049DB14C5318A_39,0,0
Zx7C1ADB5EC3F881C119CD62993F89148864B049DB14C5318A_40,0,0
Zx7C1ADB5EC3F881C119CD62993F89148864B049DB14C5318A_41,1,0
Zx7C1ADB5EC3F881C119CD62993F89148864B049DB14C5318A_42,0,0
Zx7C1ADB5EC3F881C119CD62993F89148864B049DB14C5318A_43,0,0
Zx7C1ADB5EC3F881C119CD62993F89148864B049DB14C5318A_44,0,0
Zx7C1ADB5EC3F881C119CD62993F89148864B049DB14C5318A_45,1,0
Zx7C1ADB5EC3F881C119CD62993F89148864B049DB14C5318A_46,1,0
Zx7C1ADB5EC3F881C119CD62993F89148864B049DB14C5318A_47,0,0
Zx7C1ADB5EC3F881C119CD62993F89148864B049DB14C5318A_48,0,0
Zx7C1ADB5EC3F881C119CD62993F89148864B049DB14C5318A_49,1,0
Zx7C1ADB5EC3F881C119CD62993F89148864B049DB14C5318A_50,1,0
Zx7C1ADB5EC3F881C119CD62993F89148864B049DB14C5318A_51,0,0
Zx7C1ADB5EC3F881C119CD62993F89148864B049DB14C5318A_52,0,0
Zx7C1ADB5EC3F881C119CD62993F89148864B049DB14C5318A_53,1,0
Zx7C1ADB5EC3F881C119CD62993F89148864B049DB14C5318A_54,0,0
Zx7C1ADB5EC3F881C119CD62993F89148864B049DB14C5318A_55,1,0
Zx7C1ADB5EC3F881C119CD62993F89148864B049DB14C5318A_56,0,0
Zx7C1ADB5EC3F881C119CD62993F89148864B049DB14C5318A_57,1,0
Zx7C1ADB5EC3F881C119CD62993F89148864B049DB14C5318A_58,0,0
Zx7C1ADB5EC3F881C119CD62993F89148864B049DB14C5318A_59,1,0
Zx7C1ADB5EC3F881C119CD62993F89148864B049DB14C5318A_60,1,0
Zx7C1ADB5EC3F881C119CD62993F89148864B049DB14C5318A_61,1,0
Zx7C1ADB5EC3F881C119CD62993F89148864B049DB14C5318A_62,1,0
Zx7C1ADB5EC3F881C119CD62993F89148864B049DB14C5318A_63,0,0
Zx7C1ADB5EC3F881C119CD62993F89148864B049DB14C5318A_64,0,0
Zx7C1ADB5EC3F881C119CD62993F89148864B049DB14C5318A_65,0,0
Zx7C1ADB5EC3F881C119CD62993F89148864B049DB14C5318A_66,0,0
Zx7C1ADB5EC3F881C119CD62993F89148864B049DB14C5318A_67,1,0
Zx7C1ADB5EC3F881C119CD62993F89148864B049DB14C5318A_68,0,0
Zx7C1ADB5EC3F881C119CD62993F89148864B049DB14C5318A_69,0,0
Zx7C1ADB5EC3F881C119CD62993F89148864B049DB14C5318A_70,1,0
Zx7C1ADB5EC3F881C119CD62993F89148864B049DB14C5318A_71,1,0
Zx7C1ADB5EC3F881C119CD62993F89148864B049DB14C5318A_72,1,0
Zx7C1ADB5EC3F881C119CD62993F89148864B049DB14C5318A_73,1,0
Zx7C1ADB5EC3F881C119CD62993F89148864B049DB14C5318A_74,1,0
Zx7C1ADB5EC3F881C119CD62993F89148864B049DB14C5318A_75,0,0
Zx7C1ADB5EC3F881C119CD62993F89148864B049DB14C5318A_76,0,0
Zx7C1ADB5EC3F881C119CD62993F89148864B049DB14C5318A_77,0,0
Zx7C1ADB5EC3F881C119CD62993F89148864B049DB14C5318A_78,0,0
Zx7C1ADB5EC3F881C119CD62993F89148864B049DB14C5318A_79,0,0
Zx7C1ADB5EC3F881C119CD62993F89148864B049DB14C5318A_80,0,0
Zx7C1ADB5EC3F881C119CD62993F89148864B049DB14C5318A_81,0,0
Zx7C1ADB5EC3F881C119CD62993F89148864B049DB14C5318A_82,0,0
Zx7C1ADB5EC3F881C119CD62993F89148864B049DB14C5318A_83,1,0
Zx7C1ADB5EC3F881C119CD62993F89148864B049DB14C5318A_84,0,0
Zx7C1ADB5EC3F881C119CD62993F89148864B049DB14C5318A_85,0,0
Zx7C1ADB5EC3F881C119CD62993F89148864B049DB14C5318A_86,0,0
